
INSERT INTO auth.users VALUES ('00000000-0000-0000-0000-000000000000', '8da76da0-2ad3-4fe5-85e6-1dd13022c625', 'authenticated', 'authenticated', 'a@a.com', '$2a$10$9oNOpo6RZj7k0XiMseHPJeL/g4D6gJ9JqQDRwv86b231PeA5pT4Se', '2023-01-24 23:06:37.608023+00', NULL, '', NULL, '', NULL, '', '', NULL, '2023-01-24 23:09:36.778765+00', '{"provider": "email", "providers": ["email"]}', '{}', NULL, '2023-01-24 23:06:37.603632+00', '2023-01-24 23:09:36.779804+00', NULL, NULL, '', '', NULL, DEFAULT, '', 0, NULL, '', NULL, false);
INSERT INTO auth.users VALUES ('00000000-0000-0000-0000-000000000000', 'e446aea8-6238-4292-8ed1-d4e680cb041e', 'authenticated', 'authenticated', 'b@b.com', '$2a$10$v/I7gYsB/Bb/SCB1k5W1lOl9B6aFQqrT6G4Jdfuo5umNCvtLUZld.', '2023-01-24 23:09:49.862244+00', NULL, '', NULL, '', NULL, '', '', NULL, '2023-01-24 23:09:49.863959+00', '{"provider": "email", "providers": ["email"]}', '{}', NULL, '2023-01-24 23:09:49.859079+00', '2023-01-24 23:09:49.864887+00', NULL, NULL, '', '', NULL, DEFAULT, '', 0, NULL, '', NULL, false);
INSERT INTO auth.users VALUES ('00000000-0000-0000-0000-000000000000', '1dee4749-148a-47d7-bb3d-cd1ad824cdde', 'authenticated', 'authenticated', 'c@c.com', '$2a$10$wJ7HVua98BZnJWo0BV7uy.ryBrGd6Dk9NGaThGXF5o.NT680Tzkfu', '2023-01-24 23:10:05.383341+00', NULL, '', NULL, '', NULL, '', '', NULL, '2023-01-24 23:10:05.384884+00', '{"provider": "email", "providers": ["email"]}', '{}', NULL, '2023-01-24 23:10:05.380902+00', '2023-01-24 23:10:05.385932+00', NULL, NULL, '', '', NULL, DEFAULT, '', 0, NULL, '', NULL, false);

INSERT INTO auth.identities VALUES ('8da76da0-2ad3-4fe5-85e6-1dd13022c625', '8da76da0-2ad3-4fe5-85e6-1dd13022c625', '{"sub": "8da76da0-2ad3-4fe5-85e6-1dd13022c625", "email": "a@a.com"}', 'email', '2023-01-24 23:06:37.606647+00', '2023-01-24 23:06:37.606674+00', '2023-01-24 23:06:37.606674+00', DEFAULT);
INSERT INTO auth.identities VALUES ('e446aea8-6238-4292-8ed1-d4e680cb041e', 'e446aea8-6238-4292-8ed1-d4e680cb041e', '{"sub": "e446aea8-6238-4292-8ed1-d4e680cb041e", "email": "b@b.com"}', 'email', '2023-01-24 23:09:49.861245+00', '2023-01-24 23:09:49.861269+00', '2023-01-24 23:09:49.861269+00', DEFAULT);
INSERT INTO auth.identities VALUES ('1dee4749-148a-47d7-bb3d-cd1ad824cdde', '1dee4749-148a-47d7-bb3d-cd1ad824cdde', '{"sub": "1dee4749-148a-47d7-bb3d-cd1ad824cdde", "email": "c@c.com"}', 'email', '2023-01-24 23:10:05.382458+00', '2023-01-24 23:10:05.382481+00', '2023-01-24 23:10:05.382481+00', DEFAULT);

INSERT INTO public.games VALUES (1, '2022-12-27 03:43:52.718683+00', 'birds', '1dee4749-148a-47d7-bb3d-cd1ad824cdde', 'they fly', '{a@a.com,b@b.com,c@c.com}');
INSERT INTO public.games VALUES (2, '2022-12-27 20:52:55.334613+00', 'groundhog', 'e446aea8-6238-4292-8ed1-d4e680cb041e', 'it digs', '{a@a.com,c@c.com}');

INSERT INTO public.guesses VALUES (1, '2022-12-27 03:45:18.962835+00', '8da76da0-2ad3-4fe5-85e6-1dd13022c625', 1, 'plane', false, '{拘럺잺,拘럺잺,拘럺잺,拘럺잺,拘럺잺}');
INSERT INTO public.guesses VALUES (2, '2022-12-27 03:45:32.533949+00', '8da76da0-2ad3-4fe5-85e6-1dd13022c625', 1, 'batts', false, '{游릴,拘럺잺,拘럺잺,拘럺잺,游릴}');
INSERT INTO public.guesses VALUES (1, '2022-12-27 03:48:17.121457+00', 'e446aea8-6238-4292-8ed1-d4e680cb041e', 1, 'beess', false, '{游릴,拘럺잺,拘럺잺,拘럺잺,游릴}');
INSERT INTO public.guesses VALUES (2, '2022-12-27 03:48:26.974131+00', 'e446aea8-6238-4292-8ed1-d4e680cb041e', 1, 'flies', false, '{拘럺잺,拘럺잺,游릳,拘럺잺,游릴}');
INSERT INTO public.guesses VALUES (3, '2022-12-27 17:11:52.133829+00', '8da76da0-2ad3-4fe5-85e6-1dd13022c625', 1, 'birds', true, '{游릴,游릴,游릴,游릴,游릴}');
INSERT INTO public.guesses VALUES (1, '2022-12-27 20:53:24.605732+00', '8da76da0-2ad3-4fe5-85e6-1dd13022c625', 2, 'dogssssss', false, '{游릳,游릳,游릳,拘럺잺,拘럺잺,拘럺잺,拘럺잺,拘럺잺,拘럺잺}');
INSERT INTO public.guesses VALUES (1, '2022-12-27 20:54:20.896683+00', '1dee4749-148a-47d7-bb3d-cd1ad824cdde', 2, 'groundhod', false, '{游릴,游릴,游릴,游릴,游릴,游릴,游릴,游릴,拘럺잺}');
INSERT INTO public.guesses VALUES (2, '2022-12-27 20:54:22.959015+00', '1dee4749-148a-47d7-bb3d-cd1ad824cdde', 2, 'groundhog', true, '{游릴,游릴,游릴,游릴,游릴,游릴,游릴,游릴,游릴}');